The Seattle Times,9,17,"Even in the event of a severe, global recession amid the spread of the novel coronavirus, there are reasons to expect cloud computing would continue to grow. (Via @bromano https://t.co/7ljp6VRDUY"
"‰∏®“ú‰πá„Ñí- Wild, honey child",3,11,"Tiny, laser-activated magnets could enable cloud computing systems to process data up to 100 times faster than current technologies

https://t.co/wsxm94dmtX"
opus magnum,2,9,"Cloud √© o futuro da computa√ß√£o, estava aqui a pensar numas das formas que usamos cloud computing resources sem nos darmos contas (pelo menos muitos de n√≥s), como Google Mail, Outook etc. Que s√£o servicos conhe√ßidos como SaaS (Software as a Service)"
CNBC International,10,9,"From Alibaba to Tencent, China‚Äôs tech giants are using cloud computing and artificial intelligence to help diagnose novel coronavirus cases. CNBC‚Äôs @ArjunKharpal with more. https://t.co/VVegoL5h21 https://t.co/2dbF5aCET1"
Jan Kutschera,4,5,Bootstrap Business explains the impact of cloud computing on business analytics and data management for companies. #searchengineoptimization https://t.co/9Y1Qj1d8UZ https://t.co/mE3qlE5984
#OTIKOINC‚Ñ¢,0,4,"How to increase your chances of staying relevant in web development in the future?

- Learn AWS (cloud computing)
- Learn Machine Learning
- Learn Computer Networking
- Learn Computer Security

The more you know, the better."
Abhishek Annamraju,0,4,@itylergarrett Starting and stopping cloud computing instances on #aws and #GoogleCloud
James Rutley,3,3,"#Africa‚Äôs cloud computing boom creates #data centre gold rush!

Continent‚Äôs capacity has doubled in the past three years as global #investment surges!

https://t.co/7qgZPAE66U"
AV,2,3,"Africa‚Äôs cloud computing boom creates data centre gold rush
https://t.co/HFJeY7BKiT
#DataCentre #Data #CloudComputing #Cloud #technology #BigData #Automation #tech #DataScience #DigitalTransformation #Innovation #Business #infosec #Industry40 #TechNews #Africa #Kenya #Nigeria https://t.co/iSo0pzYgCV"
Jason Coletta,0,3,@RaphLife So removing access to content for consumers who already paid for said content on a cloud computing service is customer friendly? Kind of backwards thinking. Cost of entry is super low but games are the same price. Seems like great way to reach customers you otherwise could not
Indexima,2,2,"Five technology trends expected in 2020 and beyond
The migration to cloud computing, AI and edge, integrated channel service offerings and an increase in automation are some of these trends.
https://t.co/ZyCNuBdkeo
#bigdata #analytics #machinelearning #Cloud"
AppsAfrica,2,2,"Financial Times: Africa‚Äôs cloud computing boom creates data centre gold rush Financial Times: Africa‚Äôs cloud computing boom creates data centre gold rush.
https://t.co/IYUYGzJ6MY"
Sarvika Technologies,0,2,"Edge computing helps in augmenting the cloud services by sharing the workload in business scenarios where traditional cloud architecture does not perform well.

Check our core genius for transforming businesses using cloud computing ---&gt;&gt;&gt; https://t.co/GyH6IcvbFY

#cloudcomputing https://t.co/fUX34CHFTc"
Trend Micro,1,1,Organizations and ordinary users are now using #cloud computing and cloud-based #IoT solutions. But several potential attack vectors have come up as these solutions are developed and deployed: https://t.co/3OtIvesXK7
Claus Wilke,0,1,"@russpoldrack @rachelss @JennyBryan @hadleywickham Yeah, I still think it's more productive to try to engage with the university admin. Within 5 years, all serious universities will have to offer a cloud computing environment to their students. Why not try to be ahead of the curve? You're Stanford, after all. Berkeley has it."
CompTIA EMEA,0,1,Did you know in 2020 the Internet of Things seems poised to join cloud computing and mobile devices as a permanent part of the modern technology landscape? Find out more in our #IndustryOutlook for 2020 https://t.co/iF5MATKG6K https://t.co/hnya7BQmZ0
Patrick Istefanidis,1,1,"Thinking about creating a YouTube channel to provide free training on diffrent cloud computing products such as @salesforce, @amazon, and @mircosoft Azure. Thoughts?

#aws #salesforce #microsoft #azure #cloud #cloudcomputing #militarytransition"
Bill Mew #TrustinTech,1,1,Lawyers should weigh #risks and #ethics in #cloud computing - ABA Journal https://t.co/Yi7ALVLxGF #privacy #secueity #multicloud
Teledyne ISCO,0,1,"Happening now @HESCOmi Flow Festival!

#TeledyneISCO presents #LaserFlow and #Cipher ‚Äì both designed with customer input to overcome challenges. The only accurate, non-contact flow monitor and cloud computing, power and security ‚Äì at the same Flow Festival!
 
#HandsOnTechnology https://t.co/kU1ybmRD5w"
Bospar PR,0,1,"Recent @unisyscorp research suggests that as many as 37% of American businesses say they have not benefited from cloud computing.

Read more from Unisys' recent Cloud Success Barometer via @ABridgwater in @ComputerWeekly 

#BosparPR #Cloud #TechPR  

https://t.co/BscBs9JkC7"
IAM Platform,1,1,"IAM Platform Curated Tweet:

The rise of cloud computing has had a smaller climate impact than feared 

https://t.co/WqCgan5ZPK

#AWS #Cloud #CloudComputing #Computers #Computing #DataScienceWP2TWTR2"
P Petrov,1,1,@ClausWilke @russpoldrack @JennyBryan @hadleywickham .. it fundamental cloud computing == someone else's computer with physical admin access #cloud==#hype
Google Cloud UK & Ireland,0,1,"Energy efficient data centers: Google's usage has stayed almost flat across the globe - even as demand for cloud computing has skyrocketed. Learn more, here: https://t.co/iYNkGZeOFx https://t.co/5tCsspaTAx"
Google Cloud Nordics,0,1,"Energy efficient data centers: Google's usage has stayed almost flat across the globe - even as demand for cloud computing has skyrocketed. Learn more, here: https://t.co/H83fFA7xdv https://t.co/GcLRLuHkaL"
Adrian Carter,0,1,"@tokyojojo The emphasis is on cloud computing, leased licencing and ""thin"" computing for the end user. Traditional computing as we remember feels frightfully unfashionable. That model will work for many but if you have slightly specialist needs..."
Peter Chenming SHI,0,1,@MsResJudicata How about some cloud computing. üíÅ‚Äç‚ôÇÔ∏è
Biznet Gio Cloud,0,1,"Bergabungnya Biznet Gio Cloud sebagai member di CNCF (@CloudNativeFdn) merupakan komitmen dalam mengembangkan ekosistem dan memberi kontribusi pada kemajuan teknologi cloud computing di dunia, khususnya di Indonesia. 

#PakeBiznet #BiznetGioCloud #CNCF #Cloud #Teknologi https://t.co/rOygLNdtwb"
North Van Guy,0,1,@jessicamcilroy How to create a massively scalable cloud computing platform - Jeff Bezos of Amazon.
EmuTech Machine,0,1,The rise of cloud computing has had a smaller climate impact than feared #CloudComputing #artificialintelligence via https://t.co/Rn4bZgUdg4 https://t.co/6ckGihWlbg
"Big Data Expo, China",1,1,"The 98 #BigData firms in Guiyang's Gui'an New Area, #Guizhou province have resumed operations, as of Feb 29. Some employees are working remotely as their firms operate in the big data, cloud computing and blockchain technology fields, for industries including healthcare. https://t.co/C8eOQ9FCNm"
Susurrous,0,1,"@NoLore Deep down inside the Democratic establishment wants a pure Neoliberal like Trump doubling down the way he does. Way I see it invest in real-estate near fresh water when those rates go negative, hedge with crypto &amp; stick with cloud computing like $aaple and $msft."
Ron Vokoun,0,1,"This just in: Cloud computing is hard. A new study confirms what most of us have said for years: #cloud computing has a high degree of difficulty. However, worthwhile endeavors are rarely easy. https://t.co/MoUyKZWGiz via @InfoWorld https://t.co/4bSqNGfQ1P"
WallStreetisWaiting,0,1,"Interesting article points out that Microsoft's Azure cloud computing beat out AWS for a lucrative Pentagon contract. 
https://t.co/kxwLyGCwYg"
CloudBolt Software,0,0,"According to @DavidLinthicum, ""successful cloud computing requires realistic expectations and solid planning, including picking common services such as security and governance."" Though there can be challenges, it's worth it: https://t.co/OIpJ8UbtBl via @infoworld"
Andrew Douglas,0,0,"@dfgilpin It‚Äôs a full suite of cloud computing, productivity and collaboration tools. In terms of lectures in PJs, @Google could probably take it one step further and recreate your brain as AI, thus removing the need for you to even give the lecture #riseoftherobots #allaboutme"
V.Odior,0,0,"Hello everyone!I'm a newbie in cloud computing,just recently finished azure fundamentals.Please I need a mentor/coach on the career path to becoming cloud security expert(azure security Engineer). I'll very much grateful if I can find mentor to give me guidance.Thanks in advance."
Technology Networks & Systems,0,0,"Cloud computing does nothing for businesses but helps them increase their revenue and company goals. We take a look at how exactly cloud computing summons positive impacts!
https://t.co/mfjOGnpqIR https://t.co/zXjrEGfSw3"
Peaceloving Ola Ahmed,81,0,"RT @catalinmpit: How to increase your chances of staying relevant in web development in the future?

- Learn AWS (cloud computing)
- Learn‚Ä¶"
Jeremy Doucet,0,0,@vhuguet Oui. Le cloud computing est effectivement une alternative int√©ressante. Ou avoir des data center plus propre en r√©utilisant la chaleur produite par exemple
Virginia Tech Jobs,0,0,"We are looking for a #Creative &amp; #Passionate #DataScientists with experience in #Python and cloud computing with exposure to big data #AWS #Apache #hadoop #Hive Apply today to be considered a candidate:
https://t.co/YSs1k1Uw5y"
Sinu,0,0,"Top 9 tech trends for 2020: Everything-as-a-Service to 'go mainstream'

More businesses are adopting the on-demand approach of acquiring services through cloud computing because it offers agility and flexibility...

Learn more:
https://t.co/0siLyfF5lU https://t.co/W8Q2KDSVtk"
Akrati Saxena,0,0,RT @SparksGroupJobs: Do you have a passion for cloud computing? Sparks Group is now in collaboration with an advanced manufacturing organiz‚Ä¶
Mischa,1,0,RT @TrendMicro: Organizations and ordinary users are now using #cloud computing and cloud-based #IoT solutions. But several potential attac‚Ä¶
Cast Away,0,0,Il y a quoi comme bonne plateforme de cloud computing accessible maintenant ?
Fiscal Fitness,4,0,RT @JanKutschera: Bootstrap Business explains the impact of cloud computing on business analytics and data management for companies. #searc‚Ä¶
Frugal Finance,4,0,RT @JanKutschera: Bootstrap Business explains the impact of cloud computing on business analytics and data management for companies. #searc‚Ä¶
Kamal Hossain,81,0,"RT @catalinmpit: How to increase your chances of staying relevant in web development in the future?

- Learn AWS (cloud computing)
- Learn‚Ä¶"
Beatrix Richter,0,0,"#Cloud computing is the platform for emerging technologies such as #AI, #blockchain, and #IoT. So, it is no surprise that it has become one of the most defining trends in the past five years. In 2020, we see the following seven big cloud computing trends: https://t.co/tLodcBT2qs https://t.co/sQTm9zaviz"
Social Selling Entrepreneur,4,0,RT @JanKutschera: Bootstrap Business explains the impact of cloud computing on business analytics and data management for companies. #searc‚Ä¶
World Wide Technology,3,0,RT @TWiT: Are you in the St. Louis area? You're invited to the panel discussion on cloud computing at World Wide Technology this Thursday.‚Ä¶
TEL Ruel,0,0,@DoveyWan @ankr for cloud computing?
Vaibhav Khulbe,81,0,"RT @catalinmpit: How to increase your chances of staying relevant in web development in the future?

- Learn AWS (cloud computing)
- Learn‚Ä¶"
Magnin & Associates,0,0,Answer to What‚Äôs the difference in bachelor degrees in IT cloud computing and systems admin vs. digital business and game development? by Ed Magnin #gamedev #gameschools #careerinfo https://t.co/dTjN1CtrSP
AK141-en,0,0,"I wonder the OS particularly designed for sharing resources may be useful in this age of the cloud computing, and, reading Operating System Concepts, just found that it's what the mainframe is."
Shue-Jane Thompson,0,0,"IBM is providing computing services and expertise to enable the open-source solution to be deployed around the world in fire-prone places, from Spain to Australia and California using solutions in IoT, cloud computing and AI. https://t.co/nAQc35L6RC"
Tiffany Fischer,1,0,"Discover the latest innovations and consumer trends in broadband, #AI, #dataprivacy &amp; security, #techsupport, and #cloud computing during @ParksAssociates‚Äô recent webcast: https://t.co/IusCeuLCOB #IoT https://t.co/JmqK0qcRgG"
MorphWorks,0,0,MorphWorks is currently seeking an Application Portfolio Analyst who will partner with the client‚Äôs Program Team to support the agency‚Äôs execution of the Federal strategies related to data center optimization and cloud computing. https://t.co/CFruKYn7Oj https://t.co/SMPIWylKJu
Gagan Gulyani,81,0,"RT @catalinmpit: How to increase your chances of staying relevant in web development in the future?

- Learn AWS (cloud computing)
- Learn‚Ä¶"
Cyrek Da,81,0,"RT @catalinmpit: How to increase your chances of staying relevant in web development in the future?

- Learn AWS (cloud computing)
- Learn‚Ä¶"
Nomis Solutions,0,0,Looking to understand and prove the value of cloud computing and #AI in #banking? Take a listen to our latest webcast with @ConsumerBankers. https://t.co/d3WusYX2hr https://t.co/Jocx5Nh77b
Hyperchain Labs,28,0,"RT @chetanp: Impact of cloud computing from 2010 to 2018 in Science &amp; NYT:

- 6x increase in global computing output
- Total energy consump‚Ä¶"
Trevor Pierce,81,0,"RT @catalinmpit: How to increase your chances of staying relevant in web development in the future?

- Learn AWS (cloud computing)
- Learn‚Ä¶"
Forever We Dream,79,0,"RT @Google: Demand for cloud computing is booming. üöÄ
Energy consumption at data centers has not. ‚ö°
@uhoelzle explains this global trend. ht‚Ä¶"
Abhay Pandey,0,0,@awscloud Sir I want to do internship in cloud computing so tell me the way how can I apply to get internship in Amazon. Thank you
CS Threat Intel,0,0,Red Hat Security Advisory 2020-0617-01: Red Hat Security Advisory 2020-0617-01 - Red Hat OpenShift Container Platform is Red Hat's cloud computing Kubernetes application platform solution designed for on-premise or private cloud deployments. An issue‚Ä¶ https://t.co/x7auTVLeiU
Shah Sheikh,0,0,Red Hat Security Advisory 2020-0617-01: Red Hat Security Advisory 2020-0617-01 - Red Hat OpenShift Container Platform is Red Hat's cloud computing Kubernetes application platform solution designed for on-premise or private cloud deployments. An issue‚Ä¶ https://t.co/t51mTdT0zp
Microsoft SQL,1,0,"RT @IAM__Network: Changing the game for cloud computing with Neoverse 

https://t.co/gYjfm5WCOs

#AWS #Cloud #CloudComputing #Computers #Co‚Ä¶"
Microsoft SQL,1,0,RT @dr_ppetrov: @ClausWilke @russpoldrack @JennyBryan @hadleywickham .. it fundamental cloud computing == someone else's computer with phys‚Ä¶
Microsoft SQL,1,0,"RT @RNS_Tech: As hybrid #cloud environments surge, here‚Äôs a look back at the evolution of cloud computing ‚Äî and, more importantly, on how t‚Ä¶"
Microsoft SQL,1,0,RT @BillMew: Lawyers should weigh #risks and #ethics in #cloud computing - ABA Journal https://t.co/Yi7ALVLxGF #privacy #secueity #multiclo‚Ä¶
Microsoft SQL,1,0,"RT @IAM__Network: IAM Platform Curated Tweet:

The rise of cloud computing has had a smaller climate impact than feared 

https://t.co/WqCg‚Ä¶"
Microsoft SQL,2,0,"RT @indexima: Five technology trends expected in 2020 and beyond
The migration to cloud computing, AI and edge, integrated channel service‚Ä¶"
Microsoft SQL,1,0,"RT @mantratec: When we talk about #cloud computing Vs edge computing, several questions pop in our head. Are they the same? What makes them‚Ä¶"
Chris Orr,0,0,"The United States‚Äô National Security Agency has put together a short document on mitigating vulnerabilities for cloud computing. @anthony_id shares his guidance.

#CloudSecurity #Cybersecurity https://t.co/olPCB2tBbK"
NewOrleanIan,3,0,"RT @IKantEvenToday: Tiny, laser-activated magnets could enable cloud computing systems to process data up to 100 times faster than current‚Ä¶"
LEVICK,0,0,"In his latest e-newsletter, Rob Sterne, Director at @SterneKessler, looks at cloud computing as the next big IP issue. https://t.co/DNnb2iMWUH https://t.co/hcLnlLG9mW"
Biometrics,1,0,"When we talk about #cloud computing Vs edge computing, several questions pop in our head. Are they the same? What makes them different? 

Click on the link below to understand the key differences between these two technologies.
https://t.co/4e24GY5ynB
#IoT #AWS https://t.co/mYvKAQzT43"
Andrew Pike,0,0,@Oracle is upping its game in the race against #Microsoft and #Amazon for #cloud computing market share. @Reuters #cdwsocial https://t.co/cisMnT3uEu
Lisa Harmes,0,0,#CloudComputing. According to report linker ‚ÄúThe global cloud computing market is expected to reach $623.3 billion by 2023.‚Äù But how can it benefit your business? https://t.co/DpsMhPM8RI
Cobitos,0,0,@PROCOLOMBIACO @Despegar @elespectador Media Solutions fue comprada por cloud computing approaching y en su congestion en banda tuvo un resultado inesperado
Verbo Intransitivo ‚öïÔ∏è,2,0,"RT @magnolaca: Cloud √© o futuro da computa√ß√£o, estava aqui a pensar numas das formas que usamos cloud computing resources sem nos darmos co‚Ä¶"
Jennifer Miller,3,0,"RT @IKantEvenToday: Tiny, laser-activated magnets could enable cloud computing systems to process data up to 100 times faster than current‚Ä¶"
MaxShill ·ï´,0,0,@DoveyWan Xnet could be considered cloud computing right? Even though it's also blockchain?
Arun Srini,0,0,"""One thing led to another"" - not just in romantic stories, but also in event based cloud computing üòÅ"
sfdcbot ü§ñ,1,0,RT @PIstefanidis: Thinking about creating a YouTube channel to provide free training on diffrent cloud computing products such as @salesfor‚Ä¶
Ryan Hanson,0,0,"Africa‚Äôs cloud computing boom creates data centre gold rush via @FT
 https://t.co/3JOVxnHjie"
Nimbax,3,0,RT @Vmosco: Nice to appear in Le Monde this morning for my research on the environmental consequences of cloud computing. https://t.co/trHX‚Ä¶
France DevOps,1,0,"RT @CoffeeCoachingF: Le #cloud computing est plus co√ªteux, plus compliqu√© et plus frustrant que pr√©vu... https://t.co/lc1vDkzOox #TransfoNu‚Ä¶"
Bala Hantsi,81,0,"RT @catalinmpit: How to increase your chances of staying relevant in web development in the future?

- Learn AWS (cloud computing)
- Learn‚Ä¶"
Coffee Coaching avec HPE et Microsoft,1,0,"Le #cloud computing est plus co√ªteux, plus compliqu√© et plus frustrant que pr√©vu... https://t.co/lc1vDkzOox #TransfoNum https://t.co/NNZz1u7WJT"
CCgroup,0,0,#Technews Africa‚Äôs cloud computing boom creates data centre gold rush https://t.co/ii63JnNe0b via @fttechnews https://t.co/fXVWXemqKK
Chetu Software Development,0,0,"In the leadership of Atal Bansal, #Chetu has been recognized as the second-largest cloud computing and third fastest-growing company in South Florida according to the latest #Bizjournals report. Chetu provides software #development services and solutions. https://t.co/26Dm4FotWg https://t.co/2q6Bj0xedR"
Sup3r_j3phYüë®üèΩ‚Äçüé§,81,0,"RT @catalinmpit: How to increase your chances of staying relevant in web development in the future?

- Learn AWS (cloud computing)
- Learn‚Ä¶"
Mr. Glass,0,0,@pyro75730438 @VoyToy138 @mainframed767 @gabsmashh I thought the cool kids use ASICs or cloud computing for cracking now? ;)
Jim Smith,0,0,"The United States‚Äô National Security Agency has put together a short document on mitigating vulnerabilities for cloud computing. @anthony_id shares his guidance.

#CloudSecurity #Cybersecurity https://t.co/qMo71NQWd7"
Herb Ransburg,0,0,"The United States‚Äô National Security Agency has put together a short document on mitigating vulnerabilities for cloud computing. @anthony_id shares his guidance.

#CloudSecurity #Cybersecurity https://t.co/B8iZX9J1Ch"
Pam,3,0,"RT @IKantEvenToday: Tiny, laser-activated magnets could enable cloud computing systems to process data up to 100 times faster than current‚Ä¶"
Kevin Derman,0,0,"Cloud computing set to get faster: Tiny, laser-activated magnets could enable cloud computing systems to process data up to 100 times faster than current technologies, a study suggests. #cloud #cloudcomputing #storage https://t.co/w7mjpCMhMn"
Andras Virag,3,0,"RT @TechTrainerTim: Embrace the cloud computing skill set if only to ""future-proof"" your IT career. | The Cloud Talent Drought Continues (A‚Ä¶"
Nick Reyes,81,0,"RT @catalinmpit: How to increase your chances of staying relevant in web development in the future?

- Learn AWS (cloud computing)
- Learn‚Ä¶"
3pul E,3,0,"RT @TechTrainerTim: Embrace the cloud computing skill set if only to ""future-proof"" your IT career. | The Cloud Talent Drought Continues (A‚Ä¶"
Peter Duflo,0,0,"Google cloud announced plans to invest $10 billion to develop its infrastructure in the US this year. The investment will allow the company to add more cloud computing capacity to better serve its large enterprise customers.
https://t.co/arVALosMvT"
Trust In SODA Ltd,4,0,RT @fttechnews: Africa‚Äôs cloud computing boom creates data centre gold rush https://t.co/EfhFeCnyJD
Innocent Chimezie Victor,81,0,"RT @catalinmpit: How to increase your chances of staying relevant in web development in the future?

- Learn AWS (cloud computing)
- Learn‚Ä¶"
"Casper Joe (CJP Media #oscafest, #SustainAfrica)",81,0,"RT @catalinmpit: How to increase your chances of staying relevant in web development in the future?

- Learn AWS (cloud computing)
- Learn‚Ä¶"
Ted Schneider,19,0,"RT @RoyalCanNavy: Artificial intelligence, cloud computing, augmented and virtual reality, and 3D printing are just a few of the technologi‚Ä¶"
hayCANAL.com,0,0,"‚ÄúEl futuro del cloud computing es h√≠brido, donde los datos se crean, almacenan, gestionan y replican a trav√©s de diferentes plataforma y entornos‚Äù https://t.co/nkmij5zPXT"
Mike Schiemer,4,0,RT @JanKutschera: Bootstrap Business explains the impact of cloud computing on business analytics and data management for companies. #searc‚Ä¶
Domingo Su√°rez,0,0,El cloud computing contra el coronavirus - Revista Cloud Computing https://t.co/cnnucO0uUp
IAM Platform,1,0,"Changing the game for cloud computing with Neoverse 

https://t.co/gYjfm5WCOs

#AWS #Cloud #CloudComputing #Computers #Computing #DataScience https://t.co/NsVGsnHreP"
Zelalem Walelign,0,0,"Good news, the government should make it obligatory to use cloud computing in every public company.

SAP Targets IT Contracts in Ethiopia to Drive Africa Revenue  https://t.co/Q41jNSnBlf"
Datcom,0,0,"Head in the clouds? Or feet firmly on the ground? It can be very unnerving letting your data go outside the office walls, let alone your firewalls, but actually, cloud computing keeps your data safer. https://t.co/pf9C1okUfJ #wearedatcom https://t.co/UyxDXU0KsL"
david ryan,0,0,"Internet has been shit for weeks, finally rang up yesterday and the guy on the phone starts explaining bandwidth and how the devices that are not connected anymore are still using it. Had to tell him that I've got a degree (nearly but shh) in cloud computing so he doesn't need to"
Pradyumna,46,0,RT @uhoelzle: Efficiency improvements have kept data center energy usage almost flat across the globe‚Äîeven as demand for cloud computing ha‚Ä¶
Alfredo Barba Polo,0,0,Africa‚Äôs cloud computing boom creates data centre gold rush https://t.co/qi351amc0t
terry marshall,2,0,RT @IBMFinancing: More than 3/4 of @IBMIBV survey respondents are using #cloud computing to expand into new industries while simultaneously‚Ä¶
In 10 Hours,0,0,"The world is now neck-deep in digital. Companies everywhere are trying to conquer the digital universe by revitalizing business models or building new ones from scratch to remain competitive. Much of this action is based on a common foundation: cloud computing.

To read this‚Ä¶"
KiteRunner,81,0,"RT @catalinmpit: How to increase your chances of staying relevant in web development in the future?

- Learn AWS (cloud computing)
- Learn‚Ä¶"
DMD Consulting,0,0,Africa‚Äôs cloud computing boom creates data centre gold rush https://t.co/p6FvdPzqbo
CONNECTIONS_EU,2,0,"Discover the latest innovations and consumer trends in broadband, #AI, #dataprivacy &amp; security, #techsupport, and #cloud computing during @ParksAssociates‚Äô recent webcast: https://t.co/gaBaelD1xI #IoT https://t.co/S0YrJVV1np"
CaptainLevi,81,0,"RT @catalinmpit: How to increase your chances of staying relevant in web development in the future?

- Learn AWS (cloud computing)
- Learn‚Ä¶"
RNSTech,1,0,"As hybrid #cloud environments surge, here‚Äôs a look back at the evolution of cloud computing ‚Äî and, more importantly, on how to secure these dynamic environments from evolving threats.

Learn more: https://t.co/pdCVDMi8CG

#RNSBytes #CyberArk https://t.co/Mohxq9k44u"
Jos√© Ram√≥n Lorenzo d,0,0,Africa‚Äôs cloud computing boom creates data centre gold rush https://t.co/giPfuGHC2G via @financialtimes
Alcides,81,0,"RT @catalinmpit: How to increase your chances of staying relevant in web development in the future?

- Learn AWS (cloud computing)
- Learn‚Ä¶"
faith,81,0,"RT @catalinmpit: How to increase your chances of staying relevant in web development in the future?

- Learn AWS (cloud computing)
- Learn‚Ä¶"
Business Plan/Proposal,81,0,"RT @catalinmpit: How to increase your chances of staying relevant in web development in the future?

- Learn AWS (cloud computing)
- Learn‚Ä¶"
ÿ≤Ÿéÿ™Ÿê,81,0,"RT @catalinmpit: How to increase your chances of staying relevant in web development in the future?

- Learn AWS (cloud computing)
- Learn‚Ä¶"
Highness Cloud,0,0,"With the help of cloud computing, the work of accountant is more easy than earlier. #CloudAccounting #CloudComputing #CloudHosting
https://t.co/6ThDfXvd5P https://t.co/MKyryWlmk0"
Ester Pe√±a,81,0,"RT @catalinmpit: How to increase your chances of staying relevant in web development in the future?

- Learn AWS (cloud computing)
- Learn‚Ä¶"
Scy,81,0,"RT @catalinmpit: How to increase your chances of staying relevant in web development in the future?

- Learn AWS (cloud computing)
- Learn‚Ä¶"
Damilola,81,0,"RT @catalinmpit: How to increase your chances of staying relevant in web development in the future?

- Learn AWS (cloud computing)
- Learn‚Ä¶"
Xecced,3,0,"RT @JamesRutleys: #Africa‚Äôs cloud computing boom creates #data centre gold rush!

Continent‚Äôs capacity has doubled in the past three years‚Ä¶"
Ibrahim Sanusi,3,0,"RT @JamesRutleys: #Africa‚Äôs cloud computing boom creates #data centre gold rush!

Continent‚Äôs capacity has doubled in the past three years‚Ä¶"
Muhtari Adanan,3,0,"RT @JamesRutleys: #Africa‚Äôs cloud computing boom creates #data centre gold rush!

Continent‚Äôs capacity has doubled in the past three years‚Ä¶"
Haris Rehman,81,0,"RT @catalinmpit: How to increase your chances of staying relevant in web development in the future?

- Learn AWS (cloud computing)
- Learn‚Ä¶"
Cloud Industry Forum,0,0,"The latest The cloud computing, cloud, digital Daily! https://t.co/lat0QgUqnB #digitaltransformation #artificialintelligence"
Lucian Andrei,0,0,The rise of cloud computing has had a smaller climate impact than feared #CloudComputing #artificialintelligence via https://t.co/u14WxAYdRI https://t.co/uAzNVpVBqN
Ishaq Yusuf,81,0,"RT @catalinmpit: How to increase your chances of staying relevant in web development in the future?

- Learn AWS (cloud computing)
- Learn‚Ä¶"
Omar L.A.,81,0,"RT @catalinmpit: How to increase your chances of staying relevant in web development in the future?

- Learn AWS (cloud computing)
- Learn‚Ä¶"
Ken Eisner,4,0,RT @PLTWorg: ‚ÄúWorking with organizations like PLTW enables us to extend the benefits of cloud computing to students across the U.S. while c‚Ä¶
Kashif Manzoor,0,0,The rise of cloud computing has had a smaller climate impact than feared #ArtificialIntelligence #cloudcomputing via https://t.co/43K1FijCzD https://t.co/zjRt6lJkzM
China Tech Business News,0,0,"Chinese technology giants are accelerating their efforts in the field of health-care technology in areas from cloud computing to artificial intelligence (AI) amid the new coronavirus outbreak. 

https://t.co/6ecloJQZyq"
Lesedi Lebogo,1,0,"Invent with purpose, realize cost savings, and make your organization more efficient with Microsoft Azure's open and flexible cloud computing platform. #azure #microsoft #office365 #cloud #microsoftazure https://t.co/bTMY0fGsJI https://t.co/Y02vWzYoM7"
Michael J. Morrisroe,0,0,Africa‚Äôs cloud computing boom creates data centre gold rush - https://t.co/2RgtwPHBgS https://t.co/e56Ax2cCs5
Serpa üáµüáπ,81,0,"RT @catalinmpit: How to increase your chances of staying relevant in web development in the future?

- Learn AWS (cloud computing)
- Learn‚Ä¶"
Ashruti,0,0,Africa‚Äôs #cloud computing boom. Neutral data centre vs. telco's @abhisandhir https://t.co/AngYD25u1q via @financialtimes
SinsTalisman,0,0,The rise of cloud computing has had a smaller climate impact than feared #CloudComputing #artificialintelligence  https://t.co/J88wyJhn1k
Syscomm Ltd,0,0,"Through innovation and a customer-centric approach, @ExtremeNetworks is pushing enterprise, cloud computing and mobile to new levels¬† https://t.co/JvhCSW9y48 https://t.co/01VPHLHmab"
Your Fucked Up Story,81,0,"RT @catalinmpit: How to increase your chances of staying relevant in web development in the future?

- Learn AWS (cloud computing)
- Learn‚Ä¶"
Simi,2,0,RT @AppsAfrica: Financial Times: Africa‚Äôs cloud computing boom creates data centre gold rush Financial Times: Africa‚Äôs cloud computing boom‚Ä¶
Africa Tech Summits,2,0,RT @AppsAfrica: Financial Times: Africa‚Äôs cloud computing boom creates data centre gold rush Financial Times: Africa‚Äôs cloud computing boom‚Ä¶
Ideas4Africa,2,0,"RT @technofactr: Africa‚Äôs cloud computing boom creates data centre gold rush
https://t.co/HFJeY7BKiT
#DataCentre #Data #CloudComputing #Clo‚Ä¶"
Chidambara .ML.,2,0,"RT @technofactr: Africa‚Äôs cloud computing boom creates data centre gold rush
https://t.co/HFJeY7BKiT
#DataCentre #Data #CloudComputing #Clo‚Ä¶"
L√∂≈ïd Pedro ¬Æ,81,0,"RT @catalinmpit: How to increase your chances of staying relevant in web development in the future?

- Learn AWS (cloud computing)
- Learn‚Ä¶"
Ice,81,0,"RT @catalinmpit: How to increase your chances of staying relevant in web development in the future?

- Learn AWS (cloud computing)
- Learn‚Ä¶"
#pretty code.,81,0,"RT @catalinmpit: How to increase your chances of staying relevant in web development in the future?

- Learn AWS (cloud computing)
- Learn‚Ä¶"
TelecomTV,0,0,"What does it mean to be truly ""cloud computing"" for a telco? Watch the Super Panel discussion on: https://t.co/KO3nCiebmQ @HPE_Telco @Intel5GNetworks #CloudNative #5G #Networks https://t.co/mX6SuXiJYs"
Joao Cabaco,81,0,"RT @catalinmpit: How to increase your chances of staying relevant in web development in the future?

- Learn AWS (cloud computing)
- Learn‚Ä¶"
Swazi Bridge Project,0,0,RT VC4Africa: RT TheAfricaMentor: Africa‚Äôs cloud computing boom creates data centre gold rush¬†¬†Financial Times https://t.co/sGQrex5RGm via theafricamentor #africa
‚ôì,81,0,"RT @catalinmpit: How to increase your chances of staying relevant in web development in the future?

- Learn AWS (cloud computing)
- Learn‚Ä¶"
Alexandru Voica,4,0,RT @fttechnews: Africa‚Äôs cloud computing boom creates data centre gold rush https://t.co/EfhFeCnyJD
Adegbite Yusuf,81,0,"RT @catalinmpit: How to increase your chances of staying relevant in web development in the future?

- Learn AWS (cloud computing)
- Learn‚Ä¶"
Bhush,0,0,"How to increase your chances of staying relevant in web development in the future?

- Learn AWS (cloud computing)
- Learn Machine Learning
- Learn Computer Networking
- Learn Computer Security

The more you know, the better."
Trend Micro Espa√±a,0,0,Las organizaciones y los usuarios habituales ahora est√°n usando el #cloud computing y soluciones #IoT basadas en cloud. Pero han surgido varios vectores de ataque potenciales a medida que se desarrollan y despliegan estas soluciones: https://t.co/7Ttb48E9vH https://t.co/2S8vCQj30b
·¥Ñ·¥Ä·¥õ·¥Ä ü…™…¥ ·¥ò…™·¥õ üí°üöÄ,0,0,"@thatguy9869 @datnerdygal Internet is everywhere. I suppose we should know security and networking. They are very important.

Also cloud computing."
Shula‚òòÔ∏è,81,0,"RT @catalinmpit: How to increase your chances of staying relevant in web development in the future?

- Learn AWS (cloud computing)
- Learn‚Ä¶"
geraldo,81,0,"RT @catalinmpit: How to increase your chances of staying relevant in web development in the future?

- Learn AWS (cloud computing)
- Learn‚Ä¶"
Cecil John Rhodes üóØ,15,0,"RT @markc_anderson: Global investors are rushing to fund a boom in the African cloud computing market, as the proliferation of smartphones‚Ä¶"
Briam Mora,81,0,"RT @catalinmpit: How to increase your chances of staying relevant in web development in the future?

- Learn AWS (cloud computing)
- Learn‚Ä¶"
StackedCloud,0,0,"El cloud computing contra el coronavirus: Los tres principales gigantes tecnol√≥gicos de China: Alibaba, Baidu y Tencent, han abierto su inteligencia artificial (IA) y tecnolog√≠as de computaci√≥n en la nube a los investigadores de‚Ä¶ https://t.co/XkK5u2LW78 https://t.co/eEv1RzEIEm https://t.co/av7zeVJNIe"
Mukzzey X Amir üá≤üáø,2,0,"RT @magnolaca: Cloud √© o futuro da computa√ß√£o, estava aqui a pensar numas das formas que usamos cloud computing resources sem nos darmos co‚Ä¶"
Peter Kanake,0,0,Africa‚Äôs cloud computing boom creates data centre gold rush https://t.co/O7ED9y8k8E via @financialtimes
El Tr√°fico,81,0,"RT @catalinmpit: How to increase your chances of staying relevant in web development in the future?

- Learn AWS (cloud computing)
- Learn‚Ä¶"
Muh'd üôé‚Äç‚ôÇÔ∏è,81,0,"RT @catalinmpit: How to increase your chances of staying relevant in web development in the future?

- Learn AWS (cloud computing)
- Learn‚Ä¶"
LeadTechX,0,0,The rise of cloud computing has had a smaller climate impact than feared #CloudComputing #artificialintelligence via https://t.co/oeA6XdsiUU https://t.co/K4JApDKnHD
Nigel,81,0,"RT @catalinmpit: How to increase your chances of staying relevant in web development in the future?

- Learn AWS (cloud computing)
- Learn‚Ä¶"
"No voilence please, live and let live",81,0,"RT @catalinmpit: How to increase your chances of staying relevant in web development in the future?

- Learn AWS (cloud computing)
- Learn‚Ä¶"
G M M,0,0,"Financial Times: Africa‚Äôs cloud computing boom creates data centre gold rush.
https://t.co/MYdzOeSXBi

via @GoogleNews"
King Kunta,81,0,"RT @catalinmpit: How to increase your chances of staying relevant in web development in the future?

- Learn AWS (cloud computing)
- Learn‚Ä¶"
üòàüòàC MaRLeYüòàüòà,81,0,"RT @catalinmpit: How to increase your chances of staying relevant in web development in the future?

- Learn AWS (cloud computing)
- Learn‚Ä¶"
Falola Ibrahim,81,0,"RT @catalinmpit: How to increase your chances of staying relevant in web development in the future?

- Learn AWS (cloud computing)
- Learn‚Ä¶"
Alejandro Vargas,81,0,"RT @catalinmpit: How to increase your chances of staying relevant in web development in the future?

- Learn AWS (cloud computing)
- Learn‚Ä¶"
Dimeygee,81,0,"RT @catalinmpit: How to increase your chances of staying relevant in web development in the future?

- Learn AWS (cloud computing)
- Learn‚Ä¶"
DDLS,0,0,Organisations‚Äô reliance on cloud computing (regardless of their size) is growing at a rapid pace. https://t.co/qJXi2cjVws #CloudTechnology https://t.co/m8TncX2lxn
DeepIndex,10,0,"RT @CNBCi: From Alibaba to Tencent, China‚Äôs tech giants are using cloud computing and artificial intelligence to help diagnose novel corona‚Ä¶"
antonioortegajr,81,0,"RT @catalinmpit: How to increase your chances of staying relevant in web development in the future?

- Learn AWS (cloud computing)
- Learn‚Ä¶"
Security Brain Dump,0,0,What your biggest pieces of advice for someone Planning on doing their thesis in cloud computing or cyber psychology
Dr. Silvia Elaluf-Calderwood,0,0,Africa‚Äôs cloud computing boom creates data centre gold rush https://t.co/1EgvrbsG11 via @financialtimes #africa #digital #currencies #datacentre
Prince,81,0,"RT @catalinmpit: How to increase your chances of staying relevant in web development in the future?

- Learn AWS (cloud computing)
- Learn‚Ä¶"
KWEKU,81,0,"RT @catalinmpit: How to increase your chances of staying relevant in web development in the future?

- Learn AWS (cloud computing)
- Learn‚Ä¶"
S√©bastien,0,0,"@Jon_Alper @af_Seb @RaphLife Also, cloud computing is a big world. A part of it is the ability to create VM on the fly and to control them in remote. Microsoft or Amazon cannot check that the software you use inside can be streamed or not, used in vm or not. This is a dumb pipe again."
Charles Uche,81,0,"RT @catalinmpit: How to increase your chances of staying relevant in web development in the future?

- Learn AWS (cloud computing)
- Learn‚Ä¶"
Mai gemu,81,0,"RT @catalinmpit: How to increase your chances of staying relevant in web development in the future?

- Learn AWS (cloud computing)
- Learn‚Ä¶"
kaskade,0,0,Ten reasons to give cloud computing a go. #cloudcomputing #cloudtech #cloud #SME https://t.co/WCRsGTRn3u
Olawale,81,0,"RT @catalinmpit: How to increase your chances of staying relevant in web development in the future?

- Learn AWS (cloud computing)
- Learn‚Ä¶"
Dmitriy,10,0,"RT @CNBCi: From Alibaba to Tencent, China‚Äôs tech giants are using cloud computing and artificial intelligence to help diagnose novel corona‚Ä¶"
Ahsan Khan,81,0,"RT @catalinmpit: How to increase your chances of staying relevant in web development in the future?

- Learn AWS (cloud computing)
- Learn‚Ä¶"
M.Waqar Akhtar Tarar,10,0,"RT @CNBCi: From Alibaba to Tencent, China‚Äôs tech giants are using cloud computing and artificial intelligence to help diagnose novel corona‚Ä¶"
Polestar tech consultancy,81,0,"RT @catalinmpit: How to increase your chances of staying relevant in web development in the future?

- Learn AWS (cloud computing)
- Learn‚Ä¶"
IT & Telecom Digest,2,0,"RT @ID4Africa: Africa‚Äôs cloud computing boom creates data centre gold rush ... Data 2020 at ID4Africa 2020 will explore the risks, opportun‚Ä¶"
Herman Scholtz,10,0,"RT @CNBCi: From Alibaba to Tencent, China‚Äôs tech giants are using cloud computing and artificial intelligence to help diagnose novel corona‚Ä¶"
Rodgers Tanui,81,0,"RT @catalinmpit: How to increase your chances of staying relevant in web development in the future?

- Learn AWS (cloud computing)
- Learn‚Ä¶"
market wizard,10,0,"RT @CNBCi: From Alibaba to Tencent, China‚Äôs tech giants are using cloud computing and artificial intelligence to help diagnose novel corona‚Ä¶"
akanbi ola,81,0,"RT @catalinmpit: How to increase your chances of staying relevant in web development in the future?

- Learn AWS (cloud computing)
- Learn‚Ä¶"
AKDM bot!,10,0,"RT @CNBCi: From Alibaba to Tencent, China‚Äôs tech giants are using cloud computing and artificial intelligence to help diagnose novel corona‚Ä¶"
Goffy. ‚ôç,10,0,"RT @CNBCi: From Alibaba to Tencent, China‚Äôs tech giants are using cloud computing and artificial intelligence to help diagnose novel corona‚Ä¶"
VIRIYA,10,0,"RT @CNBCi: From Alibaba to Tencent, China‚Äôs tech giants are using cloud computing and artificial intelligence to help diagnose novel corona‚Ä¶"
Arjun Kharpal,10,0,"RT @CNBCi: From Alibaba to Tencent, China‚Äôs tech giants are using cloud computing and artificial intelligence to help diagnose novel corona‚Ä¶"
Mpho Mphego,81,0,"RT @catalinmpit: How to increase your chances of staying relevant in web development in the future?

- Learn AWS (cloud computing)
- Learn‚Ä¶"
Philippe Vynckier - CISSP,0,0,"Amazon and Microsoft‚Äôs cloud-computing businesses poised to weather a recession, despite coronavirus, analysts say
Even in the event of a severe, global recession, there are reasons to expect cloud computing would continue to...

https://t.co/BLPW1Nbv0J https://t.co/ZRtt1e5ylA"
Philippe Vynckier - CISSP,0,0,"Cloud computing accelerating climate change is a misnomer, scientists find
Data centre workloads, powered by the rise in cloud computing, may not be the threat to the climate many have feared,...

https://t.co/uT07LTVWIZ https://t.co/ScC4tfPGlU"
Laura Franceschini,79,0,"RT @Google: Demand for cloud computing is booming. üöÄ
Energy consumption at data centers has not. ‚ö°
@uhoelzle explains this global trend. ht‚Ä¶"
Sanket Upadhyay,81,0,"RT @catalinmpit: How to increase your chances of staying relevant in web development in the future?

- Learn AWS (cloud computing)
- Learn‚Ä¶"
PowerBiPros,81,0,"RT @catalinmpit: How to increase your chances of staying relevant in web development in the future?

- Learn AWS (cloud computing)
- Learn‚Ä¶"
Joseph Martin,81,0,"RT @catalinmpit: How to increase your chances of staying relevant in web development in the future?

- Learn AWS (cloud computing)
- Learn‚Ä¶"
Rafael Garrigos üë®üèæ‚Äçüíª,81,0,"RT @catalinmpit: How to increase your chances of staying relevant in web development in the future?

- Learn AWS (cloud computing)
- Learn‚Ä¶"
Erickson Odiaga,81,0,"RT @catalinmpit: How to increase your chances of staying relevant in web development in the future?

- Learn AWS (cloud computing)
- Learn‚Ä¶"
Transform. Digital,1,0,RT @prosinet: El cloud computing contra el¬†coronavirus https://t.co/a7YnZAE2IA https://t.co/IRQxIXPVI3
IT Knowingness,81,0,"RT @catalinmpit: How to increase your chances of staying relevant in web development in the future?

- Learn AWS (cloud computing)
- Learn‚Ä¶"
Axel Javier,81,0,"RT @catalinmpit: How to increase your chances of staying relevant in web development in the future?

- Learn AWS (cloud computing)
- Learn‚Ä¶"
NAINCY VERMA,2,0,RT @DreamstelTech: Salesforce is a cloud computing service as a software (SaaS) that specializes in customer relationship management (CRM).‚Ä¶
Dale Cox,0,0,"China‚Äôs giants from Alibaba to Tencent ramp up health tech efforts.

China‚Äôs tech giants are accelerating their efforts in the field of health-care technology using cloud computing and artificial intelligence, as the country looks to contain the fast-spreading new coronavirus."
Digital Planet,0,0,"@jack isn‚Äôt the only one eyeing Africa ‚Äî investors are rushing over as Africa‚Äôs cloud computing boom piques interest from around the world. The team at Digital Planet explores the potential of Africa through the ALI : 
https://t.co/VBzHwFFVJY
https://t.co/gbxLDAoJeu"
Andrew Zola,0,0,The rise of cloud computing has had a smaller climate impact than feared #CloudComputing #artificialintelligence  https://t.co/1h06yN1xrw
Aaron Taylor Hammer,81,0,"RT @catalinmpit: How to increase your chances of staying relevant in web development in the future?

- Learn AWS (cloud computing)
- Learn‚Ä¶"
Digital Planet,0,0,"@jack isn‚Äôt the only one eyeing #Africa ‚Äî investors are rushing over as Africa‚Äôs cloud computing boom piques interest from around the world. The team at Digital Planet explores the potential of Africa through the ALI : 
https://t.co/VBzHwFXwBw
https://t.co/gbxLDAGk62"
Christopher Steele,0,0,"@cher 
Australian banks have been pioneers (or the first users) of Internet banking, mobile banking, cloud computing, contactless payments and the continued development of user-friendly applications for their customers.
You think  Hu√°w√©i hooked up Australia's internet system? Yes"
LinuxTeck,81,0,"RT @catalinmpit: How to increase your chances of staying relevant in web development in the future?

- Learn AWS (cloud computing)
- Learn‚Ä¶"
Moris Atwine,0,0,Africa‚Äôs cloud computing boom creates data centre gold rush https://t.co/hFS4o2dcKQ
Collins Ovuakporaye,81,0,"RT @catalinmpit: How to increase your chances of staying relevant in web development in the future?

- Learn AWS (cloud computing)
- Learn‚Ä¶"
Mazo,0,0,@tsheponkone Happy cloud computing!!
Anna-Droid Lee,0,0,The cloud computing truthfully transcribes a disappointing ballad. #PoetryBot
Upright Position,1,0,RT @MCMasterControl: Cloud and regulatory experts Matt Lowe and James Francum discuss cloud computing for #LifeSciences companies and debun‚Ä¶
Compass Intelligence,0,0,The rise of cloud computing has had a smaller climate impact than feared #CloudComputing #artificialintelligence via https://t.co/oB3RIURfVZ https://t.co/9zq5LsMiwL
Steven Kirchner,0,0,The rise of cloud computing has had a smaller climate impact than feared #CloudComputing #artificialintelligence via https://t.co/cWtH1dD3sA https://t.co/qGtGK4aXIS
Melissa B.,81,0,"RT @catalinmpit: How to increase your chances of staying relevant in web development in the future?

- Learn AWS (cloud computing)
- Learn‚Ä¶"
ùô∞ùöïùöäùöñùöíùöó ùöÇùöëùöäùöíùöîùöë üí°,81,0,"RT @catalinmpit: How to increase your chances of staying relevant in web development in the future?

- Learn AWS (cloud computing)
- Learn‚Ä¶"
The Great Sage Equal to Heaven,0,0,Pertamina started to use cloud computing services from Halliburton - https://t.co/T04IrpAaHo
David Kari,0,0,Africa‚Äôs cloud computing boom creates data centre gold rush https://t.co/XFbl3xalGA via @financialtimes
Altiostar,0,0,"A small tribute to SETI @home as #telecom companies are looking to maximize processing capabilities with #virtualization &amp; #cloud technologies.

‚ÄúSETI@home was kind of a pioneer for cloud computing by doing processing on other people‚Äôs computers""
https://t.co/5GLLjsyroX"
Rutuja,4,0,RT @SAP: Cloud 101: The beginner‚Äôs guide to cloud computing technology ‚òÅÔ∏èüëâ https://t.co/Utijoxohqh https://t.co/yYilGqDYff
Chad Bockert,3,0,RT @TWiT: Are you in the St. Louis area? You're invited to the panel discussion on cloud computing at World Wide Technology this Thursday.‚Ä¶
Sergi Llopis Asencio,0,0,El cloud computing contra el coronavirus https://t.co/nB7mGjveSs https://t.co/ffzxBbh21I
