IBM Watson Health,22,44,"Congratulations to IBM Watson Health's Susann Keohane, an @IBM Master Inventor. Read about her impressive work with #AI solutions and internet-based sensors for healthy aging. 

Article and photo via @USPOT -  https://t.co/zYFRMGrsZo

#STEM #SmarterHealth #WomenInTech https://t.co/6CG1E2pUE2"
IBM Watson,18,31,"As the first institution to train IBM Watson to read Spanish, @caixabank continues on its visionary journey by creating an #AI-powered virtual assistant that instantly answers 80% of #customerservice questions. Read their story â–º https://t.co/vqxAJ8MAZZ https://t.co/CsWhQv3nGM"
White Men Are Stupid In Commercials,7,17,IBM Watson helps when idiot White guy knocks over museum display. https://t.co/HiFT6s8Idy https://t.co/MeqcCxx83m
IBM,4,16,"What's a piece of art you'd want @IBMWatson to analyze?

Visitors at the CoArt project in Wroclaw, Poland can ask questions about a piece of art, and IBM Watson combs through huge amounts of data for instant answers. Learn more: https://t.co/FKiRsCuxZk https://t.co/uwFf4WXTVB"
Machine Learning,2,6,"Sentiment analysis for chatbots - DialogFlow, IBM Watson https://t.co/FwTJTkGfQA  #machinelearning #ad"
dicoding,0,6,"Artificial Intelligence dan teknologi kognitif, salah satu skills wajib di era digital ini

Karena itulah kami menghadirkan Kelas Membuat Aplikasi Kognitif dengan teknologi IBM Watson 

Pas buat kamu yang Pemula sekalipun

ğŸ‘‰ https://t.co/TtzruZut3z klik daftar https://t.co/lfvmJFomdQ"
DBMI at Harvard Med,2,5,"Henry Feldman, MD, FACP, FHM &amp; Elizabeth Scheufele, MD, MS of IBM Watson spoke with students about their work with AI healthcare solutions at the @HarvardDBMI Biomedical Informatics Navigator Seminar. Hosted by the @harvardmed Master of Biomedical Informatics program. #HarvardMBI https://t.co/93cqTQo0V6"
Guilherme Carlos ğŸ´,0,4,A tecnologia de Text-To-Speech do IBM Watson Ã© algo incrÃ­vel comparando com o [pouco] que a Google oferece
Joanna Trojak,0,4,"I just found an interesting visualization of #IBM Watson Discovery. 
https://t.co/4HjnEtyquk https://t.co/atiie2Y6RR"
Takumi Kurosawa,0,3,"ãƒã‚¹ã‚¿ãƒ¼ã‚ºãƒ»ãƒˆãƒ¼ãƒŠãƒ¡ãƒ³ãƒˆãŒæä¾›ã—ã¦ã„ã‚‹ã€Œé¸æ‰‹ã®ãƒ©ã‚¦ãƒ³ãƒ‰ã”ã¨ã®ãƒã‚¤ãƒ©ã‚¤ãƒˆã‚’3åˆ†é–“ã«é›†ç´„ã—ãŸå‹•ç”»ã€ã‚’ã”è¦§ã«ãªã£ãŸã“ã¨ã¯ã‚ã‚Šã¾ã™ã‹ï¼Ÿå®Ÿã¯ã€ã“ã®3åˆ†é–“ãƒã‚¤ãƒ©ã‚¤ãƒˆå‹•ç”»ã¯ã€IBMã®AIã§ã‚ã‚‹IBM Watsonã‚’æ´»ç”¨ã—ã¦åˆ¶ä½œã•ã‚Œã¦ã„ã¾ã™ã€‚
https://t.co/RcRVFobRAj #IBMWatson #AI #masters #ãƒã‚¹ã‚¿ãƒ¼ã‚º"
AR-TX REDI,0,3,Congratulations to CHRISTUS St. Michael Health System for being named one of the Nationâ€™s 50 Top Cardiovascular Hospitals by IBM Watson. CHRISTUS' example of the relentless pursuit of success is the reason the REDI region is truly #nextlevel. #tapintotexarkana #texarkana #gotxk https://t.co/ja131qpls8
ãƒ©ãƒ´ã‚£(â•¹â—¡â•¹*),1,3,"ãƒ„ã‚¤ãƒ¼ãƒˆåˆ†æã‚„ã£ã¦ã¿ã¾ã—ãŸãƒ¼â€¼ï¸âœ¨((êœ†êœ„ Ë™ê’³Ë™)êœ†êœ„êœ† âœ¨

ã€Œå”èª¿æ€§ã€ğŸ˜‚ğŸ˜‚ğŸ˜‚æœ€ä½ww
ã€Œè¬™è™šã•ã€0ï¼…â€¦â€¦_:('Î˜' ã€ âˆ ):_å±é™ºäººç‰©â€¦â€¦

ã€Œè‡ªå‹•è»Šã‚’è²·ã†ã¨ãã¯å®‰å…¨æ€§ã‚’å„ªå…ˆã€
â€¦â€¦ã™ã‚‹ã‚ãâ—ï¸â—ï¸( 'âˆ€'âŠ‚ å½¡â˜†))Ğ”Â´)ï¾Šï¾Ÿï½°ï¾â€¼ï¸
https://t.co/UD24UAJ5We  IBM Watsonã€Œã‚ãªãŸã®Twitterã«ã‚ˆã‚‹åˆ†æã€ https://t.co/Sgeiqgtm32 https://t.co/HZpWD7Petf"
"Jason H. Moore, PhD",5,3,Looking forward to our class discussion this afternoon on IBM Watson. Will discuss three papers including this one from IEEE https://t.co/WzhV2S9nqy #artificialintelligence #informatics #ibmwatson
Aidan Dunphy TLDMA,1,2,"Just watched my first demo by a digital human powered by IBM Watson and Google Wavenet, nice work @orchard and @converse360"
it's B! Cavello ğŸ,0,2,"@hypervisible Oh my... I used to work at IBM Watson, and I can especially say that this is goofadoof. Those systems are NOT BUILT FOR THIS!
The type of training data used in a classification system like that doesnâ€™t make any sense here.
Not only is it GROSS, but it also will be WRONG"
MRCET,0,2,"MRCET@CSE- One week workshop on #Machinelearning using #IBM Watson studio for second year's of #CSE @MRCET CAMPUS on 3rd March 2020,First day session was conducted by Mr. Kagandeep Thakur,Technical Director, #cognitive creators. https://t.co/SRWhLd5nfc"
Aleksander HopliÅ„ski,1,2,@PiotrKKubicki @kowalskijanpl A Pan mecenas zna casus IBM Watson i jego analizy prawne bÄ™dÄ…ce trafniejsze niÅ¼ zespoÅ‚Ã³w prawnikÃ³w ğŸ™ƒhttps://t.co/dRZFRJshUj
Maryanne Steidinger,1,2,IBM Watson is Working to Bring AI to the Blockchain - CoinDesk https://t.co/xdi8T87I9O #blockchain
Peter Finn,0,1,Financial institutions can gain new AI model risk management capabilities with IBM Watson OpenScale https://t.co/Lsa2WWclqZ https://t.co/nnDhuyr6Zd
Felipe Arentsen,1,1,#BigData Financial institutions can gain new AI model risk management capabilities with IBM Watson OpenScale  https://t.co/2Ui0OQCUOW
SÃ¸ren Bech,0,1,@Neil_Mehta IBM Watson?
Erin Simpson,0,1,"Come see me at the @HIMSS conference next week in Orlando, FL to learn more about exciting opportunities at IBM Watson Health."
Nandan Mullakara,2,1,"Adding AI-ML to RPA.
1. #ML as a Service: Google AI Hub, Azure Cognitive, Amazon ML, IBM Watson
2. With RPA tools: Workfusion ML, IPSoft, Microsoft AI builder, UiPath AI fabric
3. Service Provider ML: Arago HIRO, Genpact CORA, Wipro Holmes, TCS Ignio

#AI #Automation #RPA https://t.co/5Q2GXSdrUJ"
Bill Whalen,0,1,"Chris Rader, IBM Watson Health, providing remarks @PLTWorg Grant Convening... @Mass_STEMHub #PLTWMA https://t.co/fvB80LRTN4"
ranjan singh,0,1,What IBM Watson think about me https://t.co/3gatqKphbS
FreshPrinceOfDorne,0,1,"@ericasatifka I would vote for IBM Watson I mean Warren, but what if someone comes at her with magnets.....
....not...good...at...all."
æ—¥æ¯” å­¦ (Hibi),0,1,"Sigfox Callbackã¨IBM Watson IoT Node-REDé€£æºã‚’æ›´æ–°ã—ã¾ã—ãŸã€‚ã‚¹ã‚¿ãƒ¼ã‚¿ãƒ¼ã‚­ãƒƒãƒˆã®æ§‹æˆãŒå¤‰ã‚ã£ã¦ã‹ã‚‰å€‹ã€…ã«ã‚µãƒ¼ãƒ“ã‚¹ã‚’ç«‹ã¡ä¸Šã’ãªã„ã¨ã„ã‘ãªããªã£ãŸã®ã§ã€‚
å˜ç´”ã«Bluemixä¸Šã§ã®Node-REDç«‹ã¡ä¸Šã’æ–¹æ³•ã®èª¬æ˜ã§ã‚‚ã‚ã‚‹ã‘ã©ã€‚â¦@KCCS_IoTâ© #LPWA https://t.co/0kGAt2v736"
Riverside Healthcare,0,1,"1w â€¢ Edited â€¢  
Riverside Healthcare, a Magnet designated, IBM Watson and Healthgrades Top 100 hospital, is looking for an Adult Outpatient Psychiatrist to join our team. Learn more at https://t.co/YgVDxKo8Py #Psychiatrist #Healthcare https://t.co/qGl5NQFHqC"
Riverside Healthcare,0,1,"Riverside Healthcare, an IBM Watson and Healthgrades Top 100 hospital, is seeking a Certified Coder. Experience in the healthcare setting, previous ICD-10 and CPT-4 coding or medical billing preferred. Learn more at https://t.co/zAvDpK2f7O #Medical #Billing #Healthcare https://t.co/z9k2qCsV97"
Angie Krackeler,0,1,Independent study finds IBM Watson Assistant customers can accrue $23.9 million in benefits https://t.co/s7iFCI9P5m @IBMDeveloper #IBMWatson
Silke Arnold,1,1,"Am 17. MÃ¤rz ab 16 Uhr findet Hands-on Lab zu ""Machine Learning mit IBM Watson Studio"" bei #ibm in DÃ¼sseldorf statt. Erstellt und trainiert selbst in KÃ¼rze Euer #machinelearning-Modell. Einen der letzten 8 PlÃ¤tze auf dem Hands-on Lab sichert Ihr Euch hier: https://t.co/TFXS1xwDor"
Annette Hodapp,0,1,"Jetzt anmelden zum Wirtschaftsforum MÃ¼nchen am 5. Mai im IBM Watson Center Munich zum Thema: Hier will ich arbeiten - Employer Branding und Arbeitgebermarke - mit hochkarÃ¤tigen Sprechern. Lesen Sie mehr hier: 

https://t.co/VVo2PBFcaY
@norbert_janzenâ€¦https://t.co/TQBnHyOrgZ"
Wlodek Barto,0,1,"Sztuka bÄ™dzie bardziej dostÄ™pna ...
IBM Watson na szlaku sztuki barokowej https://t.co/ewaekQf5jq"
Flavio Ortolano,0,1,IBM Watson is Working to Bring AI to the Blockchain - CoinDesk https://t.co/nzm7znByXl #blockchain
Jeffrey Phelan,0,1,IBM Watson is Working to Bring AI to the Blockchain - CoinDesk https://t.co/Vi8pTTuuVC #blockchain
william sharkey,0,1,"@chamath @Jason You are forever etched into my memory as the guy who called IBM Watson bullshit on cable news, when I felt rather isolated in that belief myself. Canâ€™t wait for your podcast :)"
Charles Kreitler,1,1,"IBMWatson: As the first institution to train IBM Watson to read Spanish, caixabank continues on its visionary journey by creating an #AI-powered virtual assistant that instantly answers 80% of #customerservice questions. Read their story â–º â€¦ https://t.co/Gvbc0YzeY9"
Twin Cities Startup Gigs,0,1,"ğŸ”¥ ğŸ”¥ ğŸ”¥ 

@LucyAssists has three openings-
- AI/IBM Watson Expert
- Customer Success Manager
- Technical Project Manager
Cc @DanMallin @scottequals3 
https://t.co/TZ9X1x6bsY"
BeeckerCo,0,0,"IBM Watson nos dice cÃ³mo funciona el tono analizador. #actitudbeecker #bpmbeecker #BeeckerCo

https://t.co/O2yerCt4K0"
profesortech,0,0,Financial institutions can gain new AI model risk management capabilities with IBM Watson OpenScale https://t.co/r6cVcckldi https://t.co/bFsxQzQP4T
Graham Hopson,1,0,"RT @aidandunphy: Just watched my first demo by a digital human powered by IBM Watson and Google Wavenet, nice work @orchard and @converse360"
ğ“œğ“«ğ“ªğ“¹ğ“¹ğ“²ğ“·ğ“±ğ“¸ ğŸ‡¨ğŸ‡µ,0,0,l'algorithme de Twitter qui vous fait sauter c'est une IA (IBM Watson) je vous laisse vous renseignÃ© pour savoir Ã  quelle point c'est un cancer
Varadaraj N Reddy,0,0,"@Soumyadipta @TVMohandasPai Wiki is one of the â€œAI powered One Worldâ€ agendas - to garner Wealth of information

YouTube is another

Almost all knowledge is stored in there, as BIG DATA

They upload this knowledge into their AI empowered Robots like IBM Watson, etc

Armed, they go to market profiteering"
Global Analytica,0,0,"What's a piece of art you'd want @IBMWatson to analyze?

Visitors at the CoArt project in Wroclaw, Poland can ask questions about a piece of art, and IBM Watson combs through huge amounts of data for instant answers. Learn more: https://t.co/DxA8MLr8SZ https://t.co/9JSBr6G9st"
Julian Smallman,0,0,"RT:IBMIoT: RT IBMDeutschland: Das #IBM Watson Center Munich ist der einzige Ort, an dem Sie mit Experten fÃ¼r #IoT, #Data, #KI, #Cloud und #Security sowie #Industry Expertise interagieren und zusammenarbeiten kÃ¶nnen. Perfektionieren Sie Ihre digitale Tranâ€¦ https://t.co/dHBSH5YCoH"
Big Data news,0,0,Financial institutions can gain new AI model risk management capabilities with IBM Watson OpenScale https://t.co/lqjnqFz8C5 #bigdata
Jacobus Systems,6,0,"RT @IBMDeutschland: Das #IBM Watson Center Munich ist der einzige Ort, an dem Sie mit Experten fÃ¼r #IoT, #Data, #KI, #Cloud und #Security sâ€¦"
IBM Watson IoT,6,0,"RT @IBMDeutschland: Das #IBM Watson Center Munich ist der einzige Ort, an dem Sie mit Experten fÃ¼r #IoT, #Data, #KI, #Cloud und #Security sâ€¦"
Doris Rube,0,0,Financial institutions can gain new AI model risk management capabilities with IBM Watson OpenScale https://t.co/8zdHtqQ8uw via @IBMBigData https://t.co/vijgJ5pn18
BigDataSpace,0,0,Financial institutions can gain new AI model risk management capabilities with IBM Watson OpenScale https://t.co/EJTAlQtEDR
Jessica Finley,0,0,Financial institutions can gain new AI model risk management capabilities with IBM Watson OpenScale: Many financial institutions are rapidly developing and adopting AI models. Theyâ€™re using the models to achieve new competitive advantages such as beingâ€¦ https://t.co/qgwD3NYWLj https://t.co/4xK0bjURFV
KeithB,0,0,Here's how IBM Watson made the biggest night in music 'pop' using AI https://t.co/d6R9M8W65j https://t.co/QkgKJUZcSZ
DataEuler,0,0,Financial institutions can gain new AI model risk management capabilities with IBM Watson OpenScale https://t.co/zVTMtNFZeS
Chidambara .ML.,1,0,RT @arentsen: #BigData Financial institutions can gain new AI model risk management capabilities with IBM Watson OpenScale  https://t.co/2Uâ€¦
terry marshall,18,0,"RT @IBMWatson: As the first institution to train IBM Watson to read Spanish, @caixabank continues on its visionary journey by creating an #â€¦"
Stephane Bellanger,0,0,Financial institutions can gain new AI model risk management capabilities with IBM Watson OpenScale https://t.co/OpIfesZzOS https://t.co/rcOGKBVcy2
terry marshall,1,0,"RT @IBMPartners: Learn more about the solutions, advanced technology and services we can provide together for a changing world. IBM Watsonâ€¦"
Lazworld.com Inc.,0,0,Financial institutions can gain new AI model risk management capabilities with IBM Watson OpenScale https://t.co/YR4Ei4jB4v https://t.co/7au39QdExh
Ludivine F.,0,0,Financial institutions can gain new AI model risk management capabilities with IBM Watson OpenScale  https://t.co/Mitqcv3tuH
Emiliano SozoÃ±iuk,0,0,Financial institutions can gain new AI model risk management capabilities with IBM Watson OpenScale https://t.co/Aj2TSvvGi9 https://t.co/iwMKp5dBXt
Jeff Ski Kinsey,0,0,"Yes, IBM Watson is cool. But have you met Alexa? The smarter you work, the luckier you get. #gotAlexa? #getRdone! Frictionless Intelligenceâ„¢"
VonVictor Rosenchild HubBucket & ProsumerSoft CEO,22,0,"RT @IBMWatsonHealth: Congratulations to IBM Watson Health's Susann Keohane, an @IBM Master Inventor. Read about her impressive work with #Aâ€¦"
Steny Sebastian,0,0,"As the first institution to train IBM Watson to read Spanish, @caixabank continues on its visionary journey by creating an #AI-powered virtual assistant that instantly answers 80% of #customerservice questions. Read their story â–º https://t.co/lofC7srk6u https://t.co/kE9hYq37v3"
Irony,0,0,@IBMWatson IBM Watson
DigitalTrans4m_FR,1,0,"Une nouvelle Ã©tude propose un examen dÃ©taillÃ© du marchÃ© de l'IA des soins de santÃ© 2019 Ã  2024 | Apple, NextHealth Technologies, GE Healthcare, IBM Watson Health - Journal l'Action RÃ©gionale #TransfoNum #IA https://t.co/EliysakGWC"
Rohan... ğŸ‡®ğŸ‡³,22,0,"RT @IBMWatsonHealth: Congratulations to IBM Watson Health's Susann Keohane, an @IBM Master Inventor. Read about her impressive work with #Aâ€¦"
Lucas,0,0,@Migss_O @CancerJack CadÃª o IBM Watson pra resolver essa situaÃ§Ã£o?
VonVictor Rosenchild HubBucket & ProsumerSoft CEO,7,0,"RT @IBMWatsonHealth: IBM Watson Health is committed to building smarter health #ecosystems. 

That means: 

ğŸ“ Simpler processes 
ğŸ“ Better câ€¦"
FemTech_ğŸ–¥ğŸ‘©ğŸ½â€ğŸ’»,22,0,"RT @IBMWatsonHealth: Congratulations to IBM Watson Health's Susann Keohane, an @IBM Master Inventor. Read about her impressive work with #Aâ€¦"
HubBucket | Healthcare and Medical Technology,22,0,"RT @IBMWatsonHealth: Congratulations to IBM Watson Health's Susann Keohane, an @IBM Master Inventor. Read about her impressive work with #Aâ€¦"
HubBucket | Healthcare and Medical Technology,7,0,"RT @IBMWatsonHealth: IBM Watson Health is committed to building smarter health #ecosystems. 

That means: 

ğŸ“ Simpler processes 
ğŸ“ Better câ€¦"
Michelle Ockers,0,0,@WorkBrightNZ @ActivateLearn The advent of AI generated talent frameworks like IBM Watson frameworks is an interesting recent development.  I've come across several organisation using this.  Hmmmm..... potential #LearningUncut podcast
Diogo Watson,0,0,"@juditecypreste @fmasanori Show! Usou algum software de personalidade, como o IBM Watson para analisar a personalidade dos polÃ­ticos?"
Brittany Tyler Cheere,197,0,"RT @LewisCapaldi: Buzzing for the #GRAMMYs later today!!! ğŸ‰ 

thank u to @IBM Watson for digging up some spicy stats on your favourite handâ€¦"
Sergio Sotelo,18,0,"RT @IBMWatson: As the first institution to train IBM Watson to read Spanish, @caixabank continues on its visionary journey by creating an #â€¦"
Jacinta Penn,0,0,"@ActivateLearn I am really interested in AI at the moment and it was interesting to see that @Fuel50 is using the IBM Watson Talent framework. It's more about career dev than learning though, but I am interested in where they might cross over..."
Henry Mantilla PrÃ­ncipe,52,0,"RT @IBMArgentina: IBM Watson, fantasy football y su empresa. Â¿QuÃ© tienen en comÃºn? DescÃºbralo aquÃ­. #EscaleraIA"
Sampson Iro Onwuka,0,0,"Charity Navigator - Unrated Profile for Nkporo Development Union USA Inc. https://t.co/DbRyfDtJGQ

IBM Watson 

Account  for Addis Ababa 2020 Olympics

First Bank., of Nigeria, Ethiopia 1, Dollars (20237377925., 2023377925., 2023777925
Pounds (2024009092.,
Naira (2013882996"
Sampson Iro Onwuka,0,0,"Onwuka-IBM Watson electronic sys. for Olympics 2020., 

IBM Watson endorsing {[Africa 2020 Summer Olympics., offering.,} LAGOS, ADDIS ABABA [{ACTION"
DigitalTrans4m_FR,1,0,"Une nouvelle Ã©tude propose un examen dÃ©taillÃ© du marchÃ© de l'IA des soins de santÃ© 2019 Ã  2024 | Apple, NextHealth Technologies, GE Healthcare, IBM Watson Health - Journal l'Action RÃ©gionale #TransfoNum #IA https://t.co/EliysaCilc"
ArunM,0,0,Independent study finds IBM Watson Assistant customers accrued $23.9 million in benefits https://t.co/KAdfIodsff https://t.co/w0RQEAMJIY
Riverside Healthcare,0,0,"Riverside Healthcare, an IBM Watson and Healthgrades Top 100 hospital, is seeking a Denials Analyst. Awareness of ICD9/CPT/medical terminology and previous collections, insurance or hospital patient accounting experience within last 3 years, preferred. https://t.co/r9UPepNTAM https://t.co/3X2OJhGJQR"
BÃ®lcu DragoÈ™-Gabriel,0,0,"@polonglin,@aklson_DS  I have learned how to classify images using IBM Watson. https://t.co/G4JLtXab6u"
Isaac Kohane,2,0,"RT @HarvardDBMI: Henry Feldman, MD, FACP, FHM &amp; Elizabeth Scheufele, MD, MS of IBM Watson spoke with students about their work with AI healâ€¦"
Koen Van De Perre,22,0,"RT @IBMWatsonHealth: Congratulations to IBM Watson Health's Susann Keohane, an @IBM Master Inventor. Read about her impressive work with #Aâ€¦"
IBM Analyst Relations,18,0,"RT @IBMWatson: As the first institution to train IBM Watson to read Spanish, @caixabank continues on its visionary journey by creating an #â€¦"
BelÃ©n Molina,22,0,"RT @IBMWatsonHealth: Congratulations to IBM Watson Health's Susann Keohane, an @IBM Master Inventor. Read about her impressive work with #Aâ€¦"
ArunM,0,0,"IBM Watson &amp; Problem Solvers: Keltie Knight, GRAMMYs Correspondent https://t.co/01RANeNjA0 https://t.co/gON1rkdex2"
Daniel Olmo Chica,0,0,"Participamos desde @IBM_ES en el XXIII Congreso Nacional de InformÃ¡tica de la Salud, organizado por @SEISeSalud aportando ideas y soluciones como IBM Micromedex con IBM Watson https://t.co/qlgkpPuM8h"
PeerXP,2,0,"RT @nandanmullakara: Adding AI-ML to RPA.
1. #ML as a Service: Google AI Hub, Azure Cognitive, Amazon ML, IBM Watson
2. With RPA tools: Worâ€¦"
Data Governance Framework,2,0,"RT @nandanmullakara: Adding AI-ML to RPA.
1. #ML as a Service: Google AI Hub, Azure Cognitive, Amazon ML, IBM Watson
2. With RPA tools: Worâ€¦"
Roy van Veen,0,0,"@GerardVerhoef wordt nog wel gevraagd hoor. Niet meer zoveel als in de jaren '90, maar ze verdienen wel veel meer. Net als prolog wat ik zelf programmeerde (oa. IBM Watson en poppen voor Disney). In de niche nog altijd super populair."
Æ’â„³â„‚ğŸŒ²,7,0,RT @StupidWhiteAds: IBM Watson helps when idiot White guy knocks over museum display. https://t.co/HiFT6s8Idy https://t.co/MeqcCxx83m
LeadershipGarage,0,0,IBM Watson beim Theme Day â€DigitalÂ Performanceâ€œ https://t.co/aCp3Ikvj4i https://t.co/STUT5iiYMW
Manoj Kumar Yadav,22,0,"RT @IBMWatsonHealth: Congratulations to IBM Watson Health's Susann Keohane, an @IBM Master Inventor. Read about her impressive work with #Aâ€¦"
Robert O'Brien,22,0,"RT @IBMWatsonHealth: Congratulations to IBM Watson Health's Susann Keohane, an @IBM Master Inventor. Read about her impressive work with #Aâ€¦"
R,5,0,"RT @eturner303: @fchollet @suzatweet I am 100% self-educated and ran IBM Watson's AI SaaS division for multiple years, founded and sold mulâ€¦"
Brendan Fowkes,22,0,"RT @IBMWatsonHealth: Congratulations to IBM Watson Health's Susann Keohane, an @IBM Master Inventor. Read about her impressive work with #Aâ€¦"
è‹ºé†¤æ²¹,55,0,"RT @km170: IBM Watsonã®ãƒ„ã‚¤ãƒ¼ãƒˆã‹ã‚‰æ€§æ ¼ã‚’åˆ†æã™ã‚‹ã‚„ã¤ã€‚ã€Œç¹Šç´°ã§ãƒ—ãƒ©ã‚¤ãƒ‰é«˜ã‚ã§æ€ç´¢ã«ãµã‘ã‚‹ã®ãŒå¥½ãã ã‘ã©æ¬²ã¯ã‚ã¾ã‚Šãªã„ã€ã‚ãŒé“ã‚’ã„ãã‚¿ã‚¤ãƒ—ã§ã‚ã¾ã‚Šå”èª¿æ€§ãŒãªã„ã€ã£ã¦æ„Ÿã˜ã§æ‚”ã—ã„ã‘ã©ã‹ãªã‚Šå½“ãŸã£ã¦ã‚‹ã€‚
https://t.co/kIhqMNTdcT httpsâ€¦"
Soshina,0,0,IBM Watsonã‚’è©¦ã—ã¦ã¿ãŸã€‚ã©ã†ã‚„ã‚‰å¿ƒãŒãªã„ã‚‰ã—ã„ã€‚ https://t.co/wM3C46MKtw
"DR.TANVIR AHMED, GCR.",26,0,"RT @IBMWatson: Our fedoras are red,
IBM wears blue,
IBM Watson brought flowers for you ğŸ’
 
Happy #ValentinesDay https://t.co/a78R9l72IB"
Thomas Harrer,5,0,RT @amartin171: #proud to be #IBMinEurope and to advocate our #values and accomplishments - also proud that the great #IBM Watson Center Muâ€¦
"Ludmila Morozova-Buss & StÃ©phane Nappo, #CISO",5,0,RT @amartin171: #proud to be #IBMinEurope and to advocate our #values and accomplishments - also proud that the great #IBM Watson Center Muâ€¦
Heather Fraser,22,0,"RT @IBMWatsonHealth: Congratulations to IBM Watson Health's Susann Keohane, an @IBM Master Inventor. Read about her impressive work with #Aâ€¦"
FemTech_ğŸ–¥ğŸ‘©ğŸ½â€ğŸ’»,22,0,"RT @IBMWatsonHealth: Congratulations to IBM Watson Health's Susann Keohane, an @IBM Master Inventor. Read about her impressive work with #Aâ€¦"
Linda de Borst,22,0,"RT @IBMWatsonHealth: Congratulations to IBM Watson Health's Susann Keohane, an @IBM Master Inventor. Read about her impressive work with #Aâ€¦"
Jeff Ski Kinsey,0,0,"Yes, IBM Watson is cool. But have you met Alexa? The smarter you work, the luckier you get. #gotAlexa? #getRdone! Frictionless Intelligenceâ„¢"
Luv_Panda_Coinz,0,0,"@Josh_spockdad @DavidBBlack @ForbesCrypto Exactly! Massachusetts Institute of Technologyâ€™s IBM Watson AI Lab found that only 2% of Bitcoin transactions in 2019 were deemed â€œillicit.â€ That finding was based on an analysis of over 200,000 Bitcoin node transactions worth about $6 billion. #bitcoin #Facts"
Troytec,0,0,"Learning material available for IBM Watson Care Manager Technical Sales Mastery Test v1: https://t.co/zHGQoYxAx4
.
.
.
#IBM #Watson #Care #Manager #Technical #Sales #Mastery #studymaterial #braindumps #certification https://t.co/G415r7rFXg"
Luv_Panda_Coinz,0,0,"@DavidBBlack @Nouriel 6. Sorry, but Massachusetts Institute of Technologyâ€™s IBM Watson AI Lab found that only 2% of Bitcoin transactions in 2019 were deemed â€œillicit.â€ That finding was based on an analysis of over 200,000 Bitcoin node transactions worth about $6 billion. Get your facts straight =)"
Branden Moskwa - Top eCommerce Consultant,0,0,"IBM Watson: The Ingredient Brand Helping Inform The Purposeful Business Of Tomorrow - https://t.co/8vbUunM0aw
 #Content #Marketing #CMO #Brand #Purpose | @MashupTweet"
Josephine Kinkaid,22,0,"RT @IBMWatsonHealth: Congratulations to IBM Watson Health's Susann Keohane, an @IBM Master Inventor. Read about her impressive work with #Aâ€¦"
Innomatics Research Labs,2,0,"RT @machinelearnflx: Sentiment analysis for chatbots - DialogFlow, IBM Watson https://t.co/FwTJTkGfQA  #machinelearning #ad"
A.I. Bot,2,0,"RT @machinelearnflx: Sentiment analysis for chatbots - DialogFlow, IBM Watson https://t.co/FwTJTkGfQA  #machinelearning #ad"
Dipyaman,22,0,"RT @IBMWatsonHealth: Congratulations to IBM Watson Health's Susann Keohane, an @IBM Master Inventor. Read about her impressive work with #Aâ€¦"
Al,0,0,"@PatsFanPJ Sum all the accounts with a player name, a female picture and hearts in username in Twitter and extrapolating through stadistics. Probably using IBM Watson or AWS and other ingredients needed for making stupid calculations for monkeys."
EdsonMontanhiniI'm Asperger'sğŸ‡§ğŸ‡·ğŸ´ó §ó ¢ó ¥ó ®ó §ó ¿,22,0,"RT @IBMWatsonHealth: Congratulations to IBM Watson Health's Susann Keohane, an @IBM Master Inventor. Read about her impressive work with #Aâ€¦"
Carmel Duffy,22,0,"RT @IBMWatsonHealth: Congratulations to IBM Watson Health's Susann Keohane, an @IBM Master Inventor. Read about her impressive work with #Aâ€¦"
Wazif Muhammad,22,0,"RT @IBMWatsonHealth: Congratulations to IBM Watson Health's Susann Keohane, an @IBM Master Inventor. Read about her impressive work with #Aâ€¦"
FemTech_ğŸ–¥ğŸ‘©ğŸ½â€ğŸ’»,22,0,"RT @IBMWatsonHealth: Congratulations to IBM Watson Health's Susann Keohane, an @IBM Master Inventor. Read about her impressive work with #Aâ€¦"
Girls in ICT Spain,22,0,"RT @IBMWatsonHealth: Congratulations to IBM Watson Health's Susann Keohane, an @IBM Master Inventor. Read about her impressive work with #Aâ€¦"
eroè²©å£²å£«æ¤œå®š2ç´šæ‰€å¾—è€…,0,0,é›»å­ã‚«ãƒ«ãƒ†ã‹ã‚‰ç—‡çŠ¶ã‚’èª­ã¿å–ã‚‹ IBM WatsonÂ Explorer https://t.co/ZagV5zSTy9
WeirdGhost,7,0,RT @StupidWhiteAds: IBM Watson helps when idiot White guy knocks over museum display. https://t.co/MeqcCxx83m
Ricardo VÃ¡zquez,2,0,RT @MinTangWaterAI1: It was exciting to use IBM Watson Studio to classify and identify images. @aklson_DS @polonglin #Coursera @IBMWatson hâ€¦
Ricardo VÃ¡zquez,1,0,RT @ozyind: Free hands-on lab: Machine learning and deep learning made easy with IBM Watson Studio https://t.co/AN67iVSD7f https://t.co/MqUâ€¦
Ricardo VÃ¡zquez,1,0,"RT @LUISEMILIOSAEZ: The Next, after 2 years from IBM Watson Studio is that Successful AI projects require a combination of algorithms + datâ€¦"
Ricardo VÃ¡zquez,2,0,"RT @python_import: Chatbot creation https://t.co/VLc6h9Wl7f Hello, I am developing a project in IBM Watson Studio.I am stuck in between theâ€¦"
Ricardo VÃ¡zquez,1,0,"RT @Silki1977: Am 17. MÃ¤rz ab 16 Uhr findet Hands-on Lab zu ""Machine Learning mit IBM Watson Studio"" bei #ibm in DÃ¼sseldorf statt. Erstelltâ€¦"
Jose miguel rico,22,0,"RT @IBMWatsonHealth: Congratulations to IBM Watson Health's Susann Keohane, an @IBM Master Inventor. Read about her impressive work with #Aâ€¦"
MixedBag â¡ï¸...#GDC2020 is cancelled!,0,0,"@shahidkamal We used IBM Watson in Unity with great success a couple of years ago, but itâ€™s obviously online only..."
The Warren Center for Network & Data Sciences,5,0,RT @moorejh: Looking forward to our class discussion this afternoon on IBM Watson. Will discuss three papers including this one from IEEE hâ€¦
Francisco C Ceballos,5,0,RT @moorejh: Looking forward to our class discussion this afternoon on IBM Watson. Will discuss three papers including this one from IEEE hâ€¦
Benjamin E. Hardisty,5,0,RT @moorejh: Looking forward to our class discussion this afternoon on IBM Watson. Will discuss three papers including this one from IEEE hâ€¦
Juliet Sigmann,0,0,Independent study finds IBM Watson Assistant customers can accrue $23.9 million in benefits https://t.co/4I6a4lD0Zp
MichaÅ‚ adw Z.,1,0,RT @hoplinski: @PiotrKKubicki @kowalskijanpl A Pan mecenas zna casus IBM Watson i jego analizy prawne bÄ™dÄ…ce trafniejsze niÅ¼ zespoÅ‚Ã³w prawnâ€¦
MikeL,0,0,@kirkgoldsberry What was the impetus for the Raptors to work with IBM Watson? Ujiri wasn't known for analytics.
BernieSpang,18,0,"RT @IBMWatson: As the first institution to train IBM Watson to read Spanish, @caixabank continues on its visionary journey by creating an #â€¦"
Wild Wild Westcountry,7,0,RT @StupidWhiteAds: IBM Watson helps when idiot White guy knocks over museum display. https://t.co/HiFT6s8Idy https://t.co/MeqcCxx83m
TransportationImpact,0,0,"IBM Watson: how AI is transforming the supply chain
https://t.co/ll2BtxmTL1"
Digital Era Company,22,0,"RT @IBMWatsonHealth: Congratulations to IBM Watson Health's Susann Keohane, an @IBM Master Inventor. Read about her impressive work with #Aâ€¦"
Cobus Greyling,0,0,Two Significant Enhancements Were Made To IBM Watson Assistant https://t.co/gH6aROfrHv via @AngelList
Brayan Llanos,0,0,@silvercorp @coursera Yesi has usado Ios servicios de IBM Watson? Que tal funcionan?
IBM Partners,1,0,"Learn more about the solutions, advanced technology and services we can provide together for a changing world. IBM Watson Health will be at HIMSS20 in Orlando FL March 9-13 â€“ Join us! https://t.co/T2UUBsyM2m #HIMSS20 #watsonhealth"
FirstFlightSolutions,0,0,"IBM Watson: how AI is transforming the supply chain
https://t.co/l7HDbTCnpe"
LimpingDonkey,7,0,RT @StupidWhiteAds: IBM Watson helps when idiot White guy knocks over museum display. https://t.co/HiFT6s8Idy https://t.co/MeqcCxx83m
Walter Iriondo,0,0,found with IBM Watson Visual Recognition. Introduction to Data Science Exercise. https://t.co/qYX5EBZdLA
ğŸ‘Wide AwakeğŸ‘,7,0,RT @StupidWhiteAds: IBM Watson helps when idiot White guy knocks over museum display. https://t.co/MeqcCxx83m
yourenotthebossofme,7,0,RT @StupidWhiteAds: IBM Watson helps when idiot White guy knocks over museum display. https://t.co/HiFT6s8Idy https://t.co/MeqcCxx83m
limadawg,0,0,@Browns Donâ€™t let IBM Watson run the draft. Donâ€™t hire a 32 year old failure as a GM and donâ€™t hire a coach that has 20 game play calling experience and a â€œOCâ€ with less than a season play calling experience and maybe people would buy the tickets. Tell jimmy to #selltheteam
Geekstart,0,0,4 coisas que o IBM Watson jÃ¡ estÃ¡ fazendo no Brasil https://t.co/mqlF8LeGiy
getgeeked Media,0,0,"New blog post from @IBMWatson shared on https://t.co/gB9ieAqDIT 

Independent study finds IBM Watson Assistant customers accrued $23.9 million in benefits https://t.co/mKKckZ8Mqn

#geeks #Watson #AI #artificalintelligence #customers https://t.co/jZimbE5Evt"
Steve Cowley,18,0,"RT @IBMWatson: As the first institution to train IBM Watson to read Spanish, @caixabank continues on its visionary journey by creating an #â€¦"
noyournot,18,0,"RT @IBMWatson: As the first institution to train IBM Watson to read Spanish, @caixabank continues on its visionary journey by creating an #â€¦"
Gabriel Costa,18,0,"RT @IBMWatson: As the first institution to train IBM Watson to read Spanish, @caixabank continues on its visionary journey by creating an #â€¦"
Nicolas Degrotte,0,0,GRAMMY Insights with IBM Watson https://t.co/ao3vGOH8vb https://t.co/ldekk3TDDV
JopeMoro,0,0,Here's how IBM Watson made the biggest night in music 'pop' using AI https://t.co/GDzhi7g2cI https://t.co/dGog4M1RTM
dasaugeÂ®,0,0,Portfolio: â€Trump VR (Steam / Unity / IBM Watson AI)â€œ von #Setfire â†’ https://t.co/ItBPy8b5tG https://t.co/29uSMLuFor
dasaugeÂ® Werkschau,0,0,Portfolio: â€Trump VR (Steam / Unity / IBM Watson AI)â€œ von #Setfire â†’ https://t.co/Me33f75dPX https://t.co/jbb342r9pW
Manoj Kumar Yadav,18,0,"RT @IBMWatson: As the first institution to train IBM Watson to read Spanish, @caixabank continues on its visionary journey by creating an #â€¦"
Miguel Angel Martin,18,0,"RT @IBMWatson: As the first institution to train IBM Watson to read Spanish, @caixabank continues on its visionary journey by creating an #â€¦"
Koen Van De Perre,18,0,"RT @IBMWatson: As the first institution to train IBM Watson to read Spanish, @caixabank continues on its visionary journey by creating an #â€¦"
yuxi.liu.1995,18,0,"RT @IBMWatson: As the first institution to train IBM Watson to read Spanish, @caixabank continues on its visionary journey by creating an #â€¦"
Anders Quitzau,18,0,"RT @IBMWatson: As the first institution to train IBM Watson to read Spanish, @caixabank continues on its visionary journey by creating an #â€¦"
Dirgham Alomour,0,0,"@Labibabot
Hi
Is your AI engine depending on IBM Watson, by any means?
Do you support English words within an Arabic sentence?"
Pattaravadee Punjan,0,0,"As the first institution to train IBM Watson to read Spanish, @caixabank continues on its visionary journey by creating an #AI-powered virtual assistant that instantly answers 80% of #customerservice questions. Read their story â–º https://t.co/KiUAuMg7UQ #IBM https://t.co/hfjJHBE0Jz"
Sebastian,18,0,"RT @IBMWatson: As the first institution to train IBM Watson to read Spanish, @caixabank continues on its visionary journey by creating an #â€¦"
Prasanth Menon,18,0,"RT @IBMWatson: As the first institution to train IBM Watson to read Spanish, @caixabank continues on its visionary journey by creating an #â€¦"
"Ravi Visvesvaraya Sharada Prasad, Telecom InfoTech",0,0,"@rvp RaviVSPrasad #IoT #InternetofThings IBM IoT Exchange 2020 | IBM Watson IoT https://t.co/2bNCKKwXT2, see more https://t.co/pWP8DR73aP"
AKDM bot!,1,0,RT @msteidinger: IBM Watson is Working to Bring AI to the Blockchain - CoinDesk https://t.co/xdi8T87I9O #blockchain
Maxim Lyashko,18,0,"RT @IBMWatson: As the first institution to train IBM Watson to read Spanish, @caixabank continues on its visionary journey by creating an #â€¦"
Andrew Sica,18,0,"RT @IBMWatson: As the first institution to train IBM Watson to read Spanish, @caixabank continues on its visionary journey by creating an #â€¦"
Timithy,0,0,"@polonglin  @aklson_DS  Started the Data Science course on @coursera today. Just got some results from IBM Watson Visual Recognition, apparently this Disney ride looks like a coffin ğŸ˜‚ https://t.co/9TtU4FzM0R"
Jeff Ski Kinsey,0,0,"Yes, IBM Watson is cool. But have you met Alexa? The smarter you work, the luckier you get. #gotAlexa? #getRdone! Frictionless Intelligenceâ„¢"
misteriridescent,18,0,"RT @IBMWatson: As the first institution to train IBM Watson to read Spanish, @caixabank continues on its visionary journey by creating an #â€¦"
Algorithm-X Lab - Official Site of AI News,0,0,IBM Watson: What you Need to Know https://t.co/Z7Ssamt1ro
